{"Land 1": [[-70.6501579284668, 42.66116838536097], [-70.63633918762207, 42.6534675539662], [-70.64620971679688, 42.637747323862385], [-70.6585693359375, 42.63976781685248]], "City": [[-70.67419052124023, 42.618233562989914], [-70.66213130950928, 42.62180207012046], [-70.65470695495605, 42.61627553413439], [-70.66848278045654, 42.610716923225255], [-70.67423343658447, 42.61166444879691], [-70.67603588104248, 42.614127947822524]], "Brown Water": [[-70.66668033599854, 42.626696592365725], [-70.66352605819702, 42.62789648102085], [-70.6629467010498, 42.627485995399496], [-70.6657361984253, 42.626238734019275]], "Dark Water": [[-70.66474914550781, 42.64551323522223], [-70.6626033782959, 42.64526070050819], [-70.66363334655762, 42.64317725000181], [-70.66595077514648, 42.6433666574765]], "Blue Water": [[-70.59634208679199, 42.62897004600216], [-70.60990333557129, 42.5841171592436], [-70.63599586486816, 42.59195294870184], [-70.60750007629395, 42.629159496723865]]}