{"Urban Land": [[-70.95065116882324, 41.657202596378895], [-70.9317684173584, 41.65668957753241], [-70.92842102050781, 41.634561751840174], [-70.95039367675781, 41.636550359966556]], "Shallow Water": [[-70.8661937713623, 41.632709404402696], [-70.86548566818237, 41.633286765158275], [-70.86592555046082, 41.633655631822485], [-70.86641907691956, 41.63400845883043], [-70.86604356765747, 41.6345457144285], [-70.86610794067383, 41.635307487077675], [-70.86633324623108, 41.635828694755475], [-70.86647272109985, 41.63610132478492], [-70.86570024490356, 41.63669469203909], [-70.8656358718872, 41.63715975985198], [-70.86622595787048, 41.63723994361847], [-70.86647272109985, 41.63643810146444], [-70.86679458618164, 41.63657441533441], [-70.8671486377716, 41.63660648914429], [-70.86724519729614, 41.63640602757077], [-70.8669126033783, 41.63620556537376], [-70.86647272109985, 41.63560417504178], [-70.86649417877197, 41.6347381631056], [-70.8666443824768, 41.634232984102646], [-70.86636543273926, 41.63356742476874]], "Brown Land": [[-70.85155963897705, 41.67570862112238], [-70.84470391273499, 41.67651798800028], [-70.84350228309631, 41.675548349246206], [-70.84400653839111, 41.67243899587493], [-70.84576606750488, 41.67172574673236], [-70.84761142730713, 41.671501352109395], [-70.8487057685852, 41.67223864579038], [-70.84652781486511, 41.67315223711442], [-70.84761142730713, 41.674137939526766], [-70.84972500801086, 41.67523581793978], [-70.85025072097778, 41.67544417231269], [-70.85221409797668, 41.67495533983423]], "Blue Water": [[-70.9123706817627, 41.61897150464162], [-70.86971282958984, 41.613324724008564], [-70.87125778198242, 41.6166615177737], [-70.8698844909668, 41.619805646232784], [-70.87057113647461, 41.623206265676174], [-70.87297439575195, 41.62673502076991], [-70.87906837463379, 41.628403092314734], [-70.88095664978027, 41.62975034936333], [-70.88773727416992, 41.630905118710054], [-70.89091300964355, 41.62679917816581], [-70.89297294616699, 41.62404035249103], [-70.90198516845703, 41.622949621408644]], "Green Water": [[-70.90530574321747, 41.674931298796864], [-70.90510189533234, 41.6747349633224], [-70.90564906597137, 41.67460273705315], [-70.90583145618439, 41.67404978789312], [-70.90608358383179, 41.67381738755299], [-70.90607285499573, 41.67454263411367]], "Forest Land": [[-70.86458444595337, 41.66034474764501], [-70.85231065750122, 41.66072949032572], [-70.85216045379639, 41.65601623409488], [-70.86301803588867, 41.655182561038025], [-70.86670875549316, 41.65603226616331]], "Dark Water": [[-70.87166547775269, 41.645670709917546], [-70.87127387523651, 41.64553040661803], [-70.87131679058075, 41.64499324259004], [-70.87171375751495, 41.6453219554374]], "Forest land 2": [[-70.88687896728516, 41.67855338051137], [-70.8702278137207, 41.68098935621334], [-70.86799621582031, 41.67368115248073], [-70.8841323852539, 41.670090853710875]]}