{"Land 2": [[96.41103744506836, 3.9585340782247758], [96.42605781555176, 3.9555371656065788], [96.41764640808105, 3.9404668123098308], [96.4064884185791, 3.9433781518716717]], "Land 1": [[96.3815975189209, 3.9359285273787785], [96.40314102172852, 3.9360997838631375], [96.40528678894043, 3.90236157841305], [96.38279914855957, 3.8979943509836295]], "Brown Water": [[96.40122056007385, 3.892503172544556], [96.40387058258057, 3.8937234375162375], [96.40605926513672, 3.8943656815277254], [96.40656352043152, 3.893905406702573], [96.40466451644897, 3.8930169685376685], [96.40146732330322, 3.8917967025421536]], "Blue Water": [[96.34812355041504, 3.875215895733621], [96.36125564575195, 3.8727324931620912], [96.36383056640625, 3.8589451947690803], [96.34563446044922, 3.8611717301793402]], "Cloud and land": [[96.36322975158691, 3.9517696029376044], [96.39224052429199, 3.9494576810074418], [96.39558792114258, 3.9355860143044032], [96.37962341308594, 3.930362672473382], [96.36880874633789, 3.9307908164779444], [96.36468887329102, 3.93892551076891]], "Brown Water 2": [[96.363605260849, 3.887632799128511], [96.36392712593079, 3.8855294313589934], [96.36358380317688, 3.885481262570011], [96.36302590370178, 3.887445476511973]], "Dark Water": [[96.38995260000229, 3.8651029425032317], [96.39015108346939, 3.86501730703064], [96.39007866382599, 3.864115457934864], [96.38980239629745, 3.864433915143478]]}